"Szál";"IntervallumTól";"IntervallumIg";"Megtalált prímek száma";"Indulási idõ";"Idõ";"Összefoglaló";"Módszer"
"1";"1";"1000";"168";"1471900033066";"2";"true";"Prim1"
"1";"1";"10000";"1229";"1471900033068";"0";"true";"Prim1"
"1";"1";"100000";"9592";"1471900033088";"234";"true";"Prim1"
"1";"1";"1000000";"78498";"1471900033341";"8210";"true";"Prim1"
"1";"1";"1000";"168";"1471900057591";"0";"";""
"1";"1";"1000";"168";"1471900057480";"132";"true";"Prim2"
"1";"1";"10000";"1229";"1471900057612";"0";"";""
"1";"1";"10000";"1229";"1471900057612";"30";"true";"Prim2"
"1";"1";"100000";"9592";"1471900057642";"143";"";""
"1";"1";"100000";"9592";"1471900057642";"143";"true";"Prim2"
"1";"1";"1000000";"78498";"1471900057785";"8114";"";""
"1";"1";"1000000";"78498";"1471900057785";"8116";"true";"Prim2"
"1";"1";"500";"95";"1471900065972";"1";"";""
"2";"501";"1000";"73";"1471900065972";"1";"";""
"2";"1";"1000";"168";"1471900065972";"5";"true";"Prim2"
"1";"1";"5000";"669";"1471900065983";"0";"";""
"2";"5001";"10000";"560";"1471900065983";"0";"";""
"2";"1";"10000";"1229";"1471900065983";"0";"true";"Prim2"
"1";"1";"50000";"5133";"1471900065983";"61";"";""
"2";"50001";"100000";"4459";"1471900065983";"81";"";""
"2";"1";"100000";"9592";"1471900065983";"84";"true";"Prim2"
"1";"1";"500000";"41538";"1471900066075";"2830";"";""
"2";"500001";"1000000";"36960";"1471900066075";"3047";"";""
"2";"1";"1000000";"78498";"1471900066073";"3066";"true";"Prim2"
"1";"1";"333";"67";"1471900069221";"0";"";""
"3";"667";"1000";"47";"1471900069221";"1";"";""
"2";"334";"666";"54";"1471900069221";"0";"";""
"3";"1";"1000";"168";"1471900069221";"9";"true";"Prim2"
"1";"1";"3333";"470";"1471900069234";"0";"";""
"3";"6667";"10000";"370";"1471900069234";"0";"";""
"2";"3334";"6666";"389";"1471900069234";"0";"";""
"3";"1";"10000";"1229";"1471900069234";"0";"true";"Prim2"
"1";"1";"33333";"3569";"1471900069254";"30";"";""
"2";"33334";"66666";"3076";"1471900069254";"30";"";""
"3";"66667";"100000";"2947";"1471900069254";"30";"";""
"3";"1";"100000";"9592";"1471900069253";"50";"true";"Prim2"
"1";"1";"333333";"28665";"1471900069305";"1593";"";""
"2";"333334";"666666";"25404";"1471900069305";"1717";"";""
"3";"666667";"1000000";"24429";"1471900069305";"1848";"";""
"3";"1";"1000000";"78498";"1471900069305";"1848";"true";"Prim2"
"1";"1";"250";"53";"1471900071235";"0";"";""
"4";"751";"1000";"36";"1471900071235";"0";"";""
"3";"501";"750";"37";"1471900071235";"0";"";""
"2";"251";"500";"42";"1471900071235";"0";"";""
"4";"1";"1000";"168";"1471900071235";"15";"true";"Prim2"
"2";"2501";"5000";"302";"1471900071255";"0";"";""
"4";"7501";"10000";"279";"1471900071255";"0";"";""
"3";"5001";"7500";"281";"1471900071255";"0";"";""
"1";"1";"2500";"367";"1471900071255";"0";"";""
"4";"1";"10000";"1229";"1471900071255";"19";"true";"Prim2"
"1";"1";"25000";"2762";"1471900071282";"22";"";""
"2";"25001";"50000";"2371";"1471900071282";"24";"";""
"3";"50001";"75000";"2260";"1471900071282";"29";"";""
"4";"75001";"100000";"2199";"1471900071282";"34";"";""
"4";"1";"100000";"9592";"1471900071281";"35";"true";"Prim2"
"1";"1";"250000";"22044";"1471900071316";"1154";"";""
"2";"250001";"500000";"19494";"1471900071316";"1206";"";""
"3";"500001";"750000";"18700";"1471900071316";"1283";"";""
"4";"750001";"1000000";"18260";"1471900071316";"1379";"";""
"4";"1";"1000000";"78498";"1471900071316";"1381";"true";"Prim2"
"2";"201";"400";"32";"1471900072777";"0";"";""
"5";"801";"1000";"29";"1471900072779";"0";"";""
"4";"601";"800";"30";"1471900072777";"1";"";""
"3";"401";"600";"31";"1471900072777";"0";"";""
"1";"1";"200";"46";"1471900072777";"0";"";""
"5";"1";"1000";"168";"1471900072777";"15";"true";"Prim2"
"2";"2001";"4000";"247";"1471900072799";"0";"";""
"5";"8001";"10000";"222";"1471900072799";"0";"";""
"4";"6001";"8000";"224";"1471900072799";"0";"";""
"1";"1";"2000";"303";"1471900072799";"0";"";""
"3";"4001";"6000";"233";"1471900072799";"0";"";""
"5";"1";"10000";"1229";"1471900072798";"21";"true";"Prim2"
"2";"20001";"40000";"1941";"1471900072820";"20";"";""
"3";"40001";"60000";"1854";"1471900072820";"20";"";""
"5";"80001";"100000";"1755";"1471900072820";"20";"";""
"4";"60001";"80000";"1780";"1471900072820";"38";"";""
"1";"1";"20000";"2262";"1471900072820";"40";"";""
"5";"1";"100000";"9592";"1471900072820";"40";"true";"Prim2"
"1";"1";"200000";"17984";"1471900072860";"941";"";""
"2";"200001";"400000";"15876";"1471900072860";"1015";"";""
"3";"400001";"600000";"15238";"1471900072860";"1072";"";""
"4";"600001";"800000";"14853";"1471900072860";"1107";"";""
"5";"800001";"1000000";"14547";"1471900072860";"1149";"";""
"5";"1";"1000000";"78498";"1471900072860";"1152";"true";"Prim2"
"2";"167";"332";"29";"1471900074096";"0";"";""
"1";"1";"166";"38";"1471900074096";"0";"";""
"5";"665";"830";"24";"1471900074099";"0";"";""
"3";"333";"498";"27";"1471900074099";"0";"";""
"4";"499";"664";"27";"1471900074099";"0";"";""
"6";"831";"1000";"23";"1471900074099";"0";"";""
"6";"1";"1000";"168";"1471900074095";"4";"true";"Prim2"
"1";"1";"1666";"261";"1471900074123";"1";"";""
"5";"6665";"8330";"186";"1471900074124";"1";"";""
"4";"4999";"6664";"191";"1471900074124";"1";"";""
"3";"3333";"4998";"198";"1471900074124";"0";"";""
"2";"1667";"3332";"209";"1471900074124";"0";"";""
"6";"8331";"10000";"184";"1471900074126";"1";"";""
"6";"1";"10000";"1229";"1471900074122";"8";"true";"Prim2"
"1";"1";"16666";"1928";"1471900074150";"0";"";""
"2";"16667";"33332";"1641";"1471900074150";"21";"";""
"4";"49999";"66664";"1513";"1471900074150";"19";"";""
"3";"33333";"49998";"1563";"1471900074150";"16";"";""
"6";"83331";"100000";"1458";"1471900074150";"31";"";""
"5";"66665";"83330";"1489";"1471900074150";"31";"";""
"6";"1";"100000";"9592";"1471900074149";"32";"true";"Prim2"
"1";"1";"166666";"15225";"1471900074235";"829";"";""
"2";"166667";"333332";"13440";"1471900074200";"815";"";""
"3";"333333";"499998";"12873";"1471900074200";"926";"";""
"4";"499999";"666664";"12531";"1471900074200";"984";"";""
"5";"666665";"833330";"12350";"1471900074200";"1003";"";""
"6";"833331";"1000000";"12079";"1471900074232";"1036";"";""
"6";"1";"1000000";"78498";"1471900074198";"1070";"true";"Prim2"
"1";"1";"142";"34";"1471900075339";"0";"";""
"4";"427";"568";"21";"1471900075339";"0";"";""
"6";"711";"852";"19";"1471900075357";"0";"";""
"2";"143";"284";"27";"1471900075339";"0";"";""
"7";"853";"1000";"22";"1471900075357";"0";"";""
"5";"569";"710";"24";"1471900075355";"0";"";""
"3";"285";"426";"21";"1471900075339";"0";"";""
"7";"1";"1000";"168";"1471900075339";"20";"true";"Prim2"
"2";"1429";"2856";"189";"1471900075382";"1";"";""
"5";"5713";"7140";"162";"1471900075382";"1";"";""
"1";"1";"1428";"225";"1471900075382";"1";"";""
"3";"2857";"4284";"174";"1471900075382";"1";"";""
"4";"4285";"5712";"164";"1471900075382";"1";"";""
"7";"8569";"10000";"162";"1471900075387";"0";"";""
"6";"7141";"8568";"153";"1471900075385";"0";"";""
"7";"1";"10000";"1229";"1471900075381";"25";"true";"Prim2"
"2";"14286";"28570";"1431";"1471900075410";"0";"";""
"3";"28571";"42855";"1374";"1471900075410";"20";"";""
"5";"57141";"71425";"1280";"1471900075410";"20";"";""
"4";"42856";"57140";"1313";"1471900075410";"19";"";""
"1";"1";"14285";"1676";"1471900075430";"14";"";""
"6";"71426";"85710";"1267";"1471900075426";"17";"";""
"7";"85711";"100000";"1251";"1471900075430";"18";"";""
"7";"1";"100000";"9592";"1471900075410";"41";"true";"Prim2"
"1";"1";"142857";"13252";"1471900075451";"637";"";""
"3";"285715";"428571";"11146";"1471900075466";"781";"";""
"2";"142858";"285714";"11648";"1471900075451";"800";"";""
"4";"428572";"571428";"10889";"1471900075466";"868";"";""
"5";"571429";"714285";"10687";"1471900075491";"899";"";""
"6";"714286";"857142";"10517";"1471900075536";"875";"";""
"7";"857143";"1000000";"10359";"1471900075537";"896";"";""
"7";"1";"1000000";"78498";"1471900075451";"985";"true";"Prim2"
"1";"1";"125";"30";"1471900076517";"0";"";""
"5";"501";"625";"19";"1471900076520";"0";"";""
"7";"751";"875";"18";"1471900076523";"0";"";""
"4";"376";"500";"21";"1471900076520";"0";"";""
"2";"126";"250";"23";"1471900076517";"0";"";""
"8";"876";"1000";"18";"1471900076524";"0";"";""
"6";"626";"750";"18";"1471900076521";"0";"";""
"3";"251";"375";"21";"1471900076520";"0";"";""
"8";"1";"1000";"168";"1471900076517";"27";"true";"Prim2"
"2";"1251";"2500";"163";"1471900076551";"1";"";""
"1";"1";"1250";"204";"1471900076552";"0";"";""
"7";"7501";"8750";"141";"1471900076557";"1";"";""
"4";"3751";"5000";"147";"1471900076551";"1";"";""
"3";"2501";"3750";"155";"1471900076551";"1";"";""
"8";"8751";"10000";"138";"1471900076558";"0";"";""
"6";"6251";"7500";"138";"1471900076555";"1";"";""
"5";"5001";"6250";"143";"1471900076554";"1";"";""
"8";"1";"10000";"1229";"1471900076550";"28";"true";"Prim2"
"2";"12501";"25000";"1270";"1471900076578";"18";"";""
"6";"62501";"75000";"1118";"1471900076578";"26";"";""
"5";"50001";"62500";"1142";"1471900076578";"25";"";""
"3";"25001";"37500";"1206";"1471900076578";"19";"";""
"7";"75001";"87500";"1099";"1471900076599";"10";"";""
"1";"1";"12500";"1492";"1471900076578";"31";"";""
"4";"37501";"50000";"1165";"1471900076600";"9";"";""
"8";"87501";"100000";"1100";"1471900076607";"2";"";""
"8";"1";"100000";"9592";"1471900076578";"51";"true";"Prim2"
"1";"1";"125000";"11734";"1471900076660";"524";"";""
"2";"125001";"250000";"10310";"1471900076629";"739";"";""
"3";"250001";"375000";"9860";"1471900076629";"788";"";""
"4";"375001";"500000";"9634";"1471900076629";"762";"";""
"5";"500001";"625000";"9448";"1471900076629";"810";"";""
"6";"625001";"750000";"9252";"1471900076676";"832";"";""
"7";"750001";"875000";"9210";"1471900076676";"834";"";""
"8";"875001";"1000000";"9050";"1471900076676";"844";"";""
"8";"1";"1000000";"78498";"1471900076629";"894";"true";"Prim2"
"3";"223";"333";"20";"1471900077594";"0";"";""
"5";"445";"555";"15";"1471900077594";"0";"";""
"1";"1";"111";"29";"1471900077594";"0";"";""
"4";"334";"444";"19";"1471900077594";"0";"";""
"2";"112";"222";"18";"1471900077594";"0";"";""
"8";"778";"888";"17";"1471900077594";"0";"";""
"9";"889";"1000";"14";"1471900077594";"0";"";""
"7";"667";"777";"16";"1471900077594";"0";"";""
"6";"556";"666";"20";"1471900077594";"0";"";""
"9";"1";"1000";"168";"1471900077594";"20";"true";"Prim2"
"2";"1112";"2222";"145";"1471900077614";"0";"";""
"5";"4445";"5555";"129";"1471900077614";"0";"";""
"4";"3334";"4444";"133";"1471900077614";"0";"";""
"1";"1";"1111";"186";"1471900077614";"0";"";""
"3";"2223";"3333";"139";"1471900077614";"0";"";""
"7";"6667";"7777";"126";"1471900077630";"1";"";""
"9";"8889";"10000";"122";"1471900077630";"1";"";""
"8";"7778";"8888";"122";"1471900077614";"0";"";""
"6";"5556";"6666";"127";"1471900077614";"0";"";""
"9";"1";"10000";"1229";"1471900077614";"32";"true";"Prim2"
"2";"11112";"22222";"1144";"1471900077651";"4";"";""
"4";"33334";"44444";"1050";"1471900077651";"4";"";""
"3";"22223";"33333";"1080";"1471900077651";"4";"";""
"7";"66667";"77777";"1000";"1471900077655";"20";"";""
"6";"55556";"66666";"1008";"1471900077655";"19";"";""
"1";"1";"11111";"1345";"1471900077655";"0";"";""
"8";"77778";"88888";"966";"1471900077655";"23";"";""
"5";"44445";"55555";"1018";"1471900077655";"21";"";""
"9";"88889";"100000";"981";"1471900077676";"15";"";""
"9";"1";"100000";"9592";"1471900077650";"43";"true";"Prim2"
"1";"1";"111111";"10544";"1471900077696";"554";"";""
"2";"111112";"222222";"9253";"1471900077696";"665";"";""
"3";"222223";"333333";"8868";"1471900077696";"727";"";""
"4";"333334";"444444";"8634";"1471900077696";"716";"";""
"6";"555556";"666666";"8329";"1471900077733";"727";"";""
"5";"444445";"555555";"8441";"1471900077757";"756";"";""
"7";"666667";"777777";"8232";"1471900077733";"800";"";""
"8";"777778";"888888";"8177";"1471900077733";"802";"";""
"9";"888889";"1000000";"8020";"1471900077733";"819";"";""
"9";"1";"1000000";"78498";"1471900077696";"859";"true";"Prim2"
"2";"101";"200";"21";"1471900078630";"0";"";""
"3";"201";"300";"16";"1471900078630";"0";"";""
"1";"1";"100";"25";"1471900078630";"0";"";""
"7";"601";"700";"16";"1471900078630";"0";"";""
"6";"501";"600";"14";"1471900078630";"0";"";""
"5";"401";"500";"17";"1471900078630";"0";"";""
"4";"301";"400";"16";"1471900078630";"0";"";""
"9";"801";"900";"15";"1471900078630";"0";"";""
"10";"901";"1000";"14";"1471900078630";"0";"";""
"8";"701";"800";"14";"1471900078630";"0";"";""
"10";"1";"1000";"168";"1471900078630";"28";"true";"Prim2"
"2";"1001";"2000";"135";"1471900078663";"0";"";""
"3";"2001";"3000";"127";"1471900078664";"0";"";""
"1";"1";"1000";"168";"1471900078664";"0";"";""
"4";"3001";"4000";"120";"1471900078663";"0";"";""
"9";"8001";"9000";"110";"1471900078669";"0";"";""
"10";"9001";"10000";"112";"1471900078668";"1";"";""
"5";"4001";"5000";"119";"1471900078668";"1";"";""
"8";"7001";"8000";"107";"1471900078668";"0";"";""
"7";"6001";"7000";"117";"1471900078667";"1";"";""
"6";"5001";"6000";"114";"1471900078666";"0";"";""
"10";"1";"10000";"1229";"1471900078662";"25";"true";"Prim2"
"2";"10001";"20000";"1033";"1471900078691";"0";"";""
"3";"20001";"30000";"983";"1471900078691";"0";"";""
"4";"30001";"40000";"958";"1471900078691";"24";"";""
"6";"50001";"60000";"924";"1471900078691";"22";"";""
"1";"1";"10000";"1229";"1471900078691";"20";"";""
"5";"40001";"50000";"930";"1471900078691";"19";"";""
"10";"90001";"100000";"879";"1471900078718";"4";"";""
"7";"60001";"70000";"878";"1471900078717";"5";"";""
"9";"80001";"90000";"876";"1471900078712";"10";"";""
"8";"70001";"80000";"902";"1471900078711";"11";"";""
"10";"1";"100000";"9592";"1471900078691";"49";"true";"Prim2"
"1";"1";"100000";"9592";"1471900078742";"454";"";""
"2";"100001";"200000";"8392";"1471900078742";"515";"";""
"3";"200001";"300000";"8013";"1471900078742";"568";"";""
"4";"300001";"400000";"7863";"1471900078742";"682";"";""
"5";"400001";"500000";"7678";"1471900078778";"660";"";""
"6";"500001";"600000";"7560";"1471900078778";"705";"";""
"7";"600001";"700000";"7445";"1471900078811";"678";"";""
"8";"700001";"800000";"7408";"1471900078778";"742";"";""
"9";"800001";"900000";"7323";"1471900078811";"716";"";""
"10";"900001";"1000000";"7224";"1471900078812";"751";"";""
"10";"1";"1000000";"78498";"1471900078742";"824";"true";"Prim2"
"3";"181";"270";"16";"1471900079643";"0";"";""
"2";"91";"180";"17";"1471900079643";"0";"";""
"1";"1";"90";"24";"1471900079643";"0";"";""
"4";"271";"360";"15";"1471900079643";"0";"";""
"9";"721";"810";"12";"1471900079649";"0";"";""
"11";"901";"1000";"14";"1471900079649";"0";"";""
"10";"811";"900";"14";"1471900079647";"0";"";""
"8";"631";"720";"14";"1471900079646";"1";"";""
"7";"541";"630";"15";"1471900079646";"0";"";""
"6";"451";"540";"12";"1471900079646";"0";"";""
"5";"361";"450";"15";"1471900079646";"0";"";""
"11";"1";"1000";"168";"1471900079642";"22";"true";"Prim2"
"1";"1";"909";"155";"1471900079669";"0";"";""
"3";"1819";"2727";"117";"1471900079670";"0";"";""
"4";"2728";"3636";"111";"1471900079669";"1";"";""
"2";"910";"1818";"125";"1471900079669";"0";"";""
"11";"9091";"10000";"102";"1471900079676";"0";"";""
"10";"8182";"9090";"100";"1471900079676";"0";"";""
"9";"7273";"8181";"99";"1471900079674";"0";"";""
"8";"6364";"7272";"99";"1471900079674";"0";"";""
"7";"5455";"6363";"108";"1471900079674";"0";"";""
"6";"4546";"5454";"106";"1471900079672";"0";"";""
"5";"3637";"4545";"107";"1471900079671";"1";"";""
"11";"1";"10000";"1229";"1471900079668";"19";"true";"Prim2"
"1";"1";"9090";"1127";"1471900079687";"0";"";""
"3";"18181";"27270";"902";"1471900079687";"30";"";""
"9";"72721";"81810";"808";"1471900079707";"9";"";""
"8";"63631";"72720";"813";"1471900079706";"10";"";""
"7";"54541";"63630";"830";"1471900079704";"10";"";""
"6";"45451";"54540";"835";"1471900079704";"8";"";""
"4";"27271";"36360";"874";"1471900079687";"19";"";""
"2";"9091";"18180";"955";"1471900079687";"16";"";""
"5";"36361";"45450";"856";"1471900079716";"1";"";""
"11";"90901";"100000";"800";"1471900079714";"3";"";""
"10";"81811";"90900";"792";"1471900079713";"4";"";""
"11";"1";"100000";"9592";"1471900079687";"51";"true";"Prim2"
"2";"90910";"181818";"7683";"1471900079738";"494";"";""
"1";"1";"90909";"8794";"1471900079738";"495";"";""
"3";"181819";"272727";"7388";"1471900079787";"556";"";""
"4";"272728";"363636";"7170";"1471900079738";"660";"";""
"6";"454546";"545454";"6927";"1471900079738";"667";"";""
"7";"545455";"636363";"6848";"1471900079782";"698";"";""
"8";"636364";"727272";"6761";"1471900079757";"708";"";""
"9";"727273";"818181";"6696";"1471900079838";"657";"";""
"5";"363637";"454545";"7015";"1471900079787";"647";"";""
"11";"909091";"1000000";"6545";"1471900079838";"734";"";""
"10";"818182";"909090";"6671";"1471900079875";"698";"";""
"11";"1";"1000000";"78498";"1471900079738";"839";"true";"Prim2"
"3";"167";"249";"15";"1471900080642";"0";"";""
"5";"333";"415";"13";"1471900080642";"0";"";""
"7";"499";"581";"12";"1471900080642";"0";"";""
"6";"416";"498";"14";"1471900080642";"0";"";""
"4";"250";"332";"14";"1471900080642";"0";"";""
"2";"84";"166";"15";"1471900080642";"0";"";""
"1";"1";"83";"23";"1471900080642";"0";"";""
"11";"831";"913";"11";"1471900080659";"0";"";""
"12";"914";"1000";"12";"1471900080659";"0";"";""
"10";"748";"830";"13";"1471900080659";"0";"";""
"8";"582";"664";"15";"1471900080658";"0";"";""
"9";"665";"747";"11";"1471900080657";"0";"";""
"12";"1";"1000";"168";"1471900080642";"36";"true";"Prim2"
"1";"1";"833";"145";"1471900080682";"0";"";""
"5";"3333";"4165";"103";"1471900080683";"0";"";""
"3";"1667";"2499";"106";"1471900080683";"0";"";""
"4";"2500";"3332";"103";"1471900080683";"0";"";""
"2";"834";"1666";"116";"1471900080682";"1";"";""
"12";"9164";"10000";"93";"1471900080689";"0";"";""
"11";"8331";"9163";"91";"1471900080688";"1";"";""
"10";"7498";"8330";"96";"1471900080687";"0";"";""
"9";"6665";"7497";"90";"1471900080686";"1";"";""
"8";"5832";"6664";"94";"1471900080685";"0";"";""
"7";"4999";"5831";"97";"1471900080685";"0";"";""
"6";"4166";"4998";"95";"1471900080684";"1";"";""
"12";"1";"10000";"1229";"1471900080682";"26";"true";"Prim2"
"2";"8334";"16666";"883";"1471900080712";"5";"";""
"3";"16667";"24999";"834";"1471900080713";"5";"";""
"10";"74998";"83330";"741";"1471900080722";"9";"";""
"9";"66665";"74997";"748";"1471900080722";"8";"";""
"8";"58332";"66664";"740";"1471900080722";"8";"";""
"4";"25000";"33332";"807";"1471900080713";"7";"";""
"7";"49999";"58331";"773";"1471900080732";"10";"";""
"1";"1";"8333";"1045";"1471900080715";"5";"";""
"5";"33333";"41665";"790";"1471900080720";"23";"";""
"6";"41666";"49998";"773";"1471900080732";"10";"";""
"11";"83331";"91663";"725";"1471900080722";"10";"";""
"12";"91664";"100000";"733";"1471900080737";"11";"";""
"12";"1";"100000";"9592";"1471900080712";"41";"true";"Prim2"
"1";"1";"83333";"8134";"1471900080753";"422";"";""
"2";"83334";"166666";"7091";"1471900080753";"477";"";""
"4";"250000";"333332";"6621";"1471900080753";"603";"";""
"3";"166667";"249999";"6819";"1471900080753";"569";"";""
"9";"666665";"749997";"6169";"1471900080793";"663";"";""
"6";"416666";"499998";"6407";"1471900080793";"631";"";""
"5";"333333";"416665";"6466";"1471900080831";"591";"";""
"7";"499999";"583331";"6300";"1471900080793";"665";"";""
"8";"583332";"666664";"6231";"1471900080793";"683";"";""
"10";"749998";"833330";"6181";"1471900080831";"653";"";""
"11";"833331";"916663";"6070";"1471900080831";"686";"";""
"12";"916664";"1000000";"6009";"1471900080895";"633";"";""
"12";"1";"1000000";"78498";"1471900080753";"778";"true";"Prim2"
"1";"1";"1000";"168";"1471900092476";"0";"";""
"1";"1";"1000";"168";"1471900092475";"2";"true";"Prim3"
"1";"1";"10000";"1229";"1471900092477";"0";"";""
"1";"1";"10000";"1229";"1471900092477";"0";"true";"Prim3"
"1";"1";"100000";"9592";"1471900092477";"162";"";""
"1";"1";"100000";"9592";"1471900092477";"162";"true";"Prim3"
"1";"1";"1000000";"78498";"1471900092639";"8270";"";""
"1";"1";"1000000";"78498";"1471900092639";"8270";"true";"Prim3"
"1";"1";"666";"121";"1471900101009";"0";"";""
"2";"667";"1000";"47";"1471900101010";"0";"";""
"2";"1";"1000";"168";"1471900101008";"2";"true";"Prim3"
"2";"6667";"10000";"370";"1471900101010";"0";"";""
"1";"1";"6666";"859";"1471900101010";"0";"";""
"2";"1";"10000";"1229";"1471900101010";"0";"true";"Prim3"
"2";"66667";"100000";"2947";"1471900101029";"32";"";""
"1";"1";"66666";"6645";"1471900101029";"72";"";""
"2";"1";"100000";"9592";"1471900101028";"73";"true";"Prim3"
"2";"666667";"1000000";"24429";"1471900101101";"1666";"";""
"1";"1";"666666";"54069";"1471900101101";"4206";"";""
"2";"1";"1000000";"78498";"1471900101101";"4224";"true";"Prim3"
"1";"1";"571";"105";"1471900105388";"0";"";""
"3";"857";"1000";"21";"1471900105388";"0";"";""
"2";"572";"856";"42";"1471900105388";"0";"";""
"3";"1";"1000";"168";"1471900105388";"0";"true";"Prim3"
"3";"8572";"10000";"162";"1471900105407";"0";"";""
"1";"1";"5714";"752";"1471900105407";"2";"";""
"2";"5715";"8571";"315";"1471900105407";"1";"";""
"3";"1";"10000";"1229";"1471900105406";"7";"true";"Prim3"
"3";"85714";"100000";"1250";"1471900105418";"1";"";""
"2";"57143";"85713";"2548";"1471900105417";"22";"";""
"1";"1";"57142";"5794";"1471900105417";"63";"";""
"3";"1";"100000";"9592";"1471900105417";"63";"true";"Prim3"
"3";"857143";"1000000";"10359";"1471900105480";"576";"";""
"2";"571429";"857142";"21204";"1471900105480";"1351";"";""
"1";"1";"571428";"46935";"1471900105480";"3330";"";""
"3";"1";"1000000";"78498";"1471900105480";"3332";"true";"Prim3"
"1";"1";"533";"99";"1471900108883";"0";"";""
"3";"800";"932";"19";"1471900108883";"0";"";""
"4";"933";"1000";"10";"1471900108883";"0";"";""
"2";"534";"799";"40";"1471900108883";"0";"";""
"4";"1";"1000";"168";"1471900108882";"8";"true";"Prim3"
"4";"9333";"10000";"75";"1471900108894";"0";"";""
"1";"1";"5333";"706";"1471900108894";"2";"";""
"2";"5334";"7999";"301";"1471900108894";"1";"";""
"3";"8000";"9332";"147";"1471900108894";"1";"";""
"4";"1";"10000";"1229";"1471900108893";"9";"true";"Prim3"
"4";"93333";"100000";"576";"1471900108903";"0";"";""
"3";"80000";"93332";"1179";"1471900108903";"19";"";""
"2";"53334";"79999";"2397";"1471900108903";"36";"";""
"1";"1";"53333";"5440";"1471900108903";"61";"";""
"4";"1";"100000";"9592";"1471900108903";"61";"true";"Prim3"
"4";"933333";"1000000";"4787";"1471900108964";"249";"";""
"3";"800000";"933332";"9760";"1471900108964";"526";"";""
"2";"533334";"799999";"19870";"1471900108964";"1219";"";""
"1";"1";"533333";"44081";"1471900108964";"2946";"";""
"4";"1";"1000000";"78498";"1471900108964";"2946";"true";"Prim3"
"1";"1";"516";"97";"1471900111979";"0";"";""
"2";"517";"774";"40";"1471900111979";"0";"";""
"5";"968";"1000";"5";"1471900111980";"0";"";""
"4";"904";"967";"9";"1471900111979";"0";"";""
"3";"775";"903";"17";"1471900111979";"0";"";""
"5";"1";"1000";"168";"1471900111978";"3";"true";"Prim3"
"5";"9677";"10000";"36";"1471900111981";"0";"";""
"1";"1";"5161";"687";"1471900111981";"0";"";""
"2";"5162";"7741";"295";"1471900111981";"0";"";""
"3";"7742";"9031";"140";"1471900111981";"0";"";""
"4";"9032";"9676";"71";"1471900111981";"0";"";""
"5";"1";"10000";"1229";"1471900111981";"21";"true";"Prim3"
"5";"96773";"100000";"276";"1471900112002";"0";"";""
"4";"90322";"96772";"570";"1471900112002";"0";"";""
"3";"77419";"90321";"1141";"1471900112002";"21";"";""
"2";"51613";"77418";"2323";"1471900112002";"39";"";""
"1";"1";"51612";"5282";"1471900112002";"70";"";""
"5";"1";"100000";"9592";"1471900112002";"72";"true";"Prim3"
"5";"967742";"1000000";"2317";"1471900112079";"129";"";""
"4";"903226";"967741";"4676";"1471900112079";"248";"";""
"3";"774194";"903225";"9457";"1471900112079";"506";"";""
"2";"516130";"774193";"19302";"1471900112078";"1173";"";""
"1";"1";"516129";"42746";"1471900112103";"2774";"";""
"5";"1";"1000000";"78498";"1471900112078";"2799";"true";"Prim3"
"1";"1";"507";"96";"1471900114965";"0";"";""
"3";"761";"886";"19";"1471900114966";"0";"";""
"5";"950";"980";"4";"1471900114968";"0";"";""
"4";"887";"949";"8";"1471900114966";"0";"";""
"2";"508";"760";"38";"1471900114965";"0";"";""
"6";"981";"1000";"3";"1471900114968";"0";"";""
"6";"1";"1000";"168";"1471900114964";"4";"true";"Prim3"
"1";"1";"5079";"678";"1471900114968";"0";"";""
"3";"7619";"8887";"140";"1471900114968";"17";"";""
"6";"9839";"10000";"16";"1471900114968";"16";"";""
"4";"8888";"9521";"72";"1471900114968";"0";"";""
"5";"9522";"9838";"34";"1471900114968";"0";"";""
"2";"5080";"7618";"289";"1471900114968";"0";"";""
"6";"1";"10000";"1229";"1471900114968";"20";"true";"Prim3"
"4";"88888";"95236";"570";"1471900114988";"22";"";""
"6";"98411";"100000";"143";"1471900115018";"2";"";""
"3";"76190";"88887";"1112";"1471900114988";"28";"";""
"5";"95237";"98410";"268";"1471900115019";"10";"";""
"2";"50794";"76189";"2295";"1471900114988";"41";"";""
"1";"1";"50793";"5204";"1471900114988";"73";"";""
"6";"1";"100000";"9592";"1471900114988";"76";"true";"Prim3"
"6";"984127";"1000000";"1140";"1471900115103";"48";"";""
"5";"952381";"984126";"2275";"1471900115103";"108";"";""
"4";"888889";"952380";"4605";"1471900115069";"279";"";""
"3";"761905";"888888";"9349";"1471900115068";"521";"";""
"2";"507937";"761904";"18994";"1471900115068";"1150";"";""
"1";"1";"507936";"42135";"1471900115068";"2768";"";""
"6";"1";"1000000";"78498";"1471900115068";"2770";"true";"Prim3"
"3";"755";"879";"18";"1471900117904";"0";"";""
"7";"988";"1000";"2";"1471900117904";"0";"";""
"2";"504";"754";"37";"1471900117904";"0";"";""
"6";"973";"987";"2";"1471900117904";"0";"";""
"5";"942";"972";"4";"1471900117904";"0";"";""
"1";"1";"503";"96";"1471900117904";"0";"";""
"4";"880";"941";"9";"1471900117904";"0";"";""
"7";"1";"1000";"168";"1471900117904";"16";"true";"Prim3"
"5";"9447";"9760";"33";"1471900117925";"0";"";""
"1";"1";"5039";"675";"1471900117925";"2";"";""
"3";"7559";"8817";"139";"1471900117925";"1";"";""
"2";"5040";"7558";"283";"1471900117925";"1";"";""
"4";"8818";"9446";"73";"1471900117925";"0";"";""
"6";"9761";"9917";"19";"1471900117927";"1";"";""
"7";"9918";"10000";"7";"1471900117928";"0";"";""
"7";"1";"10000";"1229";"1471900117924";"16";"true";"Prim3"
"5";"94487";"97635";"276";"1471900117945";"3";"";""
"4";"88188";"94486";"558";"1471900117945";"7";"";""
"7";"99210";"100000";"68";"1471900117955";"0";"";""
"6";"97636";"99209";"135";"1471900117955";"0";"";""
"3";"75590";"88187";"1108";"1471900117945";"10";"";""
"2";"50394";"75589";"2275";"1471900117945";"28";"";""
"1";"1";"50393";"5172";"1471900117945";"50";"";""
"7";"1";"100000";"9592";"1471900117944";"67";"true";"Prim3"
"7";"992126";"1000000";"564";"1471900118103";"14";"";""
"6";"976378";"992125";"1113";"1471900118046";"102";"";""
"5";"944882";"976377";"2269";"1471900118046";"147";"";""
"4";"881890";"944881";"4589";"1471900118015";"272";"";""
"3";"755906";"881889";"9278";"1471900118016";"574";"";""
"2";"503938";"755905";"18858";"1471900118015";"1271";"";""
"1";"1";"503937";"41827";"1471900118015";"2804";"";""
"7";"1";"1000000";"78498";"1471900118015";"2823";"true";"Prim3"
"2";"502";"751";"38";"1471900120911";"0";"";""
"4";"877";"938";"9";"1471900120911";"0";"";""
"1";"1";"501";"95";"1471900120911";"0";"";""
"6";"970";"984";"3";"1471900120911";"0";"";""
"8";"992";"1000";"1";"1471900120911";"0";"";""
"7";"985";"991";"1";"1471900120911";"0";"";""
"5";"939";"969";"4";"1471900120911";"0";"";""
"3";"752";"876";"17";"1471900120911";"0";"";""
"8";"1";"1000";"168";"1471900120911";"22";"true";"Prim3"
"3";"7529";"8782";"141";"1471900120937";"0";"";""
"6";"9723";"9878";"19";"1471900120940";"0";"";""
"8";"9957";"10000";"2";"1471900120941";"0";"";""
"1";"1";"5019";"672";"1471900120938";"2";"";""
"2";"5020";"7528";"281";"1471900120937";"1";"";""
"4";"8783";"9409";"69";"1471900120937";"1";"";""
"5";"9410";"9722";"36";"1471900120941";"0";"";""
"7";"9879";"9956";"9";"1471900120940";"0";"";""
"8";"1";"10000";"1229";"1471900120936";"5";"true";"Prim3"
"5";"94118";"97254";"275";"1471900120961";"1";"";""
"4";"87844";"94117";"552";"1471900120961";"1";"";""
"7";"98823";"99606";"71";"1471900120985";"1";"";""
"3";"75295";"87843";"1110";"1471900120962";"24";"";""
"8";"99607";"100000";"36";"1471900120985";"1";"";""
"2";"50197";"75294";"2266";"1471900120959";"26";"";""
"6";"97255";"98822";"129";"1471900120986";"3";"";""
"1";"1";"50196";"5153";"1471900120959";"53";"";""
"8";"1";"100000";"9592";"1471900120958";"54";"true";"Prim3"
"6";"972548";"988233";"1104";"1471900121029";"24";"";""
"7";"988234";"996076";"560";"1471900121071";"25";"";""
"8";"996077";"1000000";"286";"1471900121071";"2";"";""
"5";"941176";"972547";"2273";"1471900121029";"128";"";""
"4";"878431";"941175";"4571";"1471900121029";"260";"";""
"3";"752941";"878430";"9242";"1471900121053";"512";"";""
"2";"501961";"752940";"18774";"1471900121028";"1112";"";""
"1";"1";"501960";"41688";"1471900121029";"2756";"";""
"8";"1";"1000000";"78498";"1471900121012";"2773";"true";"Prim3"
"2";"501";"750";"37";"1471900123857";"0";"";""
"1";"1";"500";"95";"1471900123857";"0";"";""
"5";"938";"968";"4";"1471900123857";"0";"";""
"4";"876";"937";"9";"1471900123857";"0";"";""
"3";"751";"875";"18";"1471900123857";"0";"";""
"9";"994";"1000";"1";"1471900123874";"0";"";""
"7";"984";"990";"0";"1471900123874";"0";"";""
"8";"991";"993";"1";"1471900123857";"0";"";""
"6";"969";"983";"3";"1471900123857";"0";"";""
"9";"1";"1000";"168";"1471900123857";"20";"true";"Prim3"
"5";"9392";"9704";"36";"1471900123893";"0";"";""
"4";"8766";"9391";"68";"1471900123893";"1";"";""
"6";"9705";"9860";"20";"1471900123893";"0";"";""
"3";"7514";"8765";"142";"1471900123893";"0";"";""
"9";"9978";"10000";"0";"1471900123898";"0";"";""
"8";"9939";"9977";"4";"1471900123897";"0";"";""
"7";"9861";"9938";"8";"1471900123896";"0";"";""
"2";"5010";"7513";"280";"1471900123894";"2";"";""
"1";"1";"5009";"671";"1471900123893";"2";"";""
"9";"1";"10000";"1229";"1471900123877";"31";"true";"Prim3"
"5";"93932";"97062";"279";"1471900123908";"0";"";""
"4";"87670";"93931";"550";"1471900123908";"25";"";""
"3";"75146";"87669";"1109";"1471900123908";"24";"";""
"2";"50098";"75145";"2260";"1471900123908";"39";"";""
"7";"98628";"99409";"73";"1471900123939";"1";"";""
"9";"99801";"100000";"18";"1471900123939";"1";"";""
"8";"99410";"99800";"32";"1471900123939";"0";"";""
"6";"97063";"98627";"128";"1471900123947";"2";"";""
"1";"1";"50097";"5143";"1471900123908";"78";"";""
"9";"1";"100000";"9592";"1471900123908";"81";"true";"Prim3"
"7";"986300";"994126";"552";"1471900124025";"25";"";""
"6";"970645";"986299";"1122";"1471900123995";"81";"";""
"9";"998040";"1000000";"135";"1471900124077";"6";"";""
"8";"994127";"998039";"294";"1471900124065";"12";"";""
"5";"939334";"970644";"2255";"1471900123994";"148";"";""
"4";"876712";"939333";"4558";"1471900124028";"260";"";""
"3";"751468";"876711";"9233";"1471900123993";"517";"";""
"2";"500979";"751467";"18732";"1471900123993";"1164";"";""
"1";"1";"500978";"41617";"1471900123993";"2698";"";""
"9";"1";"1000000";"78498";"1471900123992";"2699";"true";"Prim3"
"1";"1";"500";"95";"1471900126769";"0";"";""
"4";"876";"937";"9";"1471900126771";"0";"";""
"5";"938";"968";"4";"1471900126771";"0";"";""
"3";"751";"875";"18";"1471900126771";"0";"";""
"2";"501";"750";"37";"1471900126770";"0";"";""
"10";"995";"1000";"1";"1471900126773";"0";"";""
"9";"994";"994";"0";"1471900126773";"0";"";""
"8";"991";"993";"1";"1471900126773";"0";"";""
"6";"969";"983";"3";"1471900126772";"0";"";""
"7";"984";"990";"0";"1471900126772";"0";"";""
"10";"1";"1000";"168";"1471900126769";"20";"true";"Prim3"
"2";"5005";"7506";"280";"1471900126793";"0";"";""
"1";"1";"5004";"670";"1471900126793";"0";"";""
"3";"7507";"8757";"142";"1471900126793";"0";"";""
"9";"9968";"9986";"1";"1471900126793";"0";"";""
"8";"9929";"9967";"5";"1471900126793";"0";"";""
"7";"9851";"9928";"9";"1471900126793";"0";"";""
"6";"9695";"9850";"18";"1471900126793";"0";"";""
"5";"9383";"9694";"36";"1471900126793";"0";"";""
"4";"8758";"9382";"68";"1471900126793";"0";"";""
"10";"9987";"10000";"0";"1471900126793";"0";"";""
"10";"1";"10000";"1229";"1471900126793";"21";"true";"Prim3"
"4";"87585";"93840";"550";"1471900126818";"7";"";""
"3";"75073";"87584";"1104";"1471900126818";"13";"";""
"9";"99706";"99900";"20";"1471900126836";"0";"";""
"7";"98533";"99314";"71";"1471900126836";"0";"";""
"5";"93841";"96968";"279";"1471900126828";"8";"";""
"8";"99315";"99705";"32";"1471900126836";"0";"";""
"2";"50049";"75072";"2262";"1471900126818";"29";"";""
"6";"96969";"98532";"129";"1471900126836";"2";"";""
"10";"99901";"100000";"8";"1471900126838";"0";"";""
"1";"1";"50048";"5137";"1471900126819";"55";"";""
"10";"1";"100000";"9592";"1471900126818";"56";"true";"Prim3"
"6";"969696";"985335";"1115";"1471900126931";"59";"";""
"10";"999021";"1000000";"64";"1471900126915";"0";"";""
"7";"985336";"993155";"560";"1471900126936";"19";"";""
"8";"993156";"997065";"281";"1471900126931";"12";"";""
"9";"997066";"999020";"151";"1471900126930";"6";"";""
"5";"938416";"969695";"2246";"1471900126874";"142";"";""
"4";"875855";"938415";"4561";"1471900126874";"300";"";""
"3";"750733";"875854";"9232";"1471900126874";"546";"";""
"2";"500489";"750732";"18709";"1471900126915";"1097";"";""
"1";"1";"500488";"41579";"1471900126874";"2702";"";""
"10";"1";"1000000";"78498";"1471900126874";"2702";"true";"Prim3"
"3";"751";"875";"18";"1471900129658";"0";"";""
"7";"984";"990";"0";"1471900129658";"0";"";""
"6";"969";"983";"3";"1471900129658";"0";"";""
"2";"501";"750";"37";"1471900129658";"0";"";""
"5";"938";"968";"4";"1471900129658";"0";"";""
"1";"1";"500";"95";"1471900129658";"0";"";""
"4";"876";"937";"9";"1471900129658";"0";"";""
"11";"995";"1000";"1";"1471900129658";"0";"";""
"10";"995";"994";"0";"1471900129658";"0";"";""
"9";"994";"994";"0";"1471900129658";"0";"";""
"8";"991";"993";"1";"1471900129658";"0";"";""
"11";"1";"1000";"168";"1471900129658";"20";"true";"Prim3"
"5";"9379";"9690";"36";"1471900129678";"0";"";""
"1";"1";"5002";"669";"1471900129678";"0";"";""
"2";"5003";"7503";"281";"1471900129678";"0";"";""
"3";"7504";"8753";"142";"1471900129678";"0";"";""
"4";"8754";"9378";"68";"1471900129678";"0";"";""
"11";"9992";"10000";"0";"1471900129678";"0";"";""
"10";"9983";"9991";"0";"1471900129678";"0";"";""
"9";"9964";"9982";"2";"1471900129678";"0";"";""
"7";"9847";"9924";"9";"1471900129678";"0";"";""
"8";"9925";"9963";"4";"1471900129678";"0";"";""
"6";"9691";"9846";"18";"1471900129678";"0";"";""
"11";"1";"10000";"1229";"1471900129678";"30";"true";"Prim3"
"5";"93796";"96921";"279";"1471900129708";"0";"";""
"4";"87543";"93795";"552";"1471900129708";"0";"";""
"7";"98485";"99265";"72";"1471900129729";"1";"";""
"8";"99266";"99655";"30";"1471900129730";"0";"";""
"3";"75037";"87542";"1101";"1471900129708";"22";"";""
"10";"99851";"99947";"8";"1471900129733";"0";"";""
"11";"99948";"100000";"4";"1471900129733";"0";"";""
"9";"99656";"99850";"20";"1471900129732";"0";"";""
"6";"96922";"98484";"129";"1471900129730";"1";"";""
"2";"50025";"75036";"2262";"1471900129708";"36";"";""
"1";"1";"50024";"5135";"1471900129708";"80";"";""
"11";"1";"100000";"9592";"1471900129708";"82";"true";"Prim3"
"10";"998533";"999509";"70";"1471900129830";"0";"";""
"7";"984855";"992670";"561";"1471900129830";"31";"";""
"8";"992671";"996578";"278";"1471900129830";"19";"";""
"9";"996579";"998532";"148";"1471900129830";"0";"";""
"11";"999510";"1000000";"32";"1471900129830";"0";"";""
"6";"969223";"984854";"1118";"1471900129846";"86";"";""
"5";"937958";"969222";"2246";"1471900129790";"148";"";""
"4";"875428";"937957";"4563";"1471900129790";"286";"";""
"3";"750367";"875427";"9219";"1471900129790";"551";"";""
"2";"500245";"750366";"18704";"1471900129790";"1146";"";""
"1";"1";"500244";"41559";"1471900129790";"2712";"";""
"11";"1";"1000000";"78498";"1471900129790";"2712";"true";"Prim3"
"2";"501";"750";"37";"1471900132575";"0";"";""
"6";"969";"983";"3";"1471900132577";"0";"";""
"1";"1";"500";"95";"1471900132575";"0";"";""
"11";"995";"994";"0";"1471900132580";"0";"";""
"5";"938";"968";"4";"1471900132575";"0";"";""
"3";"751";"875";"18";"1471900132575";"0";"";""
"4";"876";"937";"9";"1471900132575";"0";"";""
"12";"995";"1000";"1";"1471900132580";"1";"";""
"10";"995";"994";"0";"1471900132579";"0";"";""
"9";"994";"994";"0";"1471900132578";"0";"";""
"8";"991";"993";"1";"1471900132577";"0";"";""
"7";"984";"990";"0";"1471900132577";"0";"";""
"12";"1";"1000";"168";"1471900132574";"9";"true";"Prim3"
"4";"8752";"9376";"68";"1471900132602";"1";"";""
"1";"1";"5001";"669";"1471900132602";"2";"";""
"2";"5002";"7501";"281";"1471900132602";"1";"";""
"3";"7502";"8751";"141";"1471900132602";"1";"";""
"9";"9962";"9980";"2";"1471900132611";"0";"";""
"12";"9994";"10000";"0";"1471900132609";"0";"";""
"11";"9990";"9993";"0";"1471900132608";"0";"";""
"10";"9981";"9989";"0";"1471900132608";"0";"";""
"8";"9923";"9961";"5";"1471900132606";"0";"";""
"7";"9845";"9922";"8";"1471900132606";"0";"";""
"6";"9689";"9844";"19";"1471900132604";"0";"";""
"5";"9377";"9688";"36";"1471900132604";"0";"";""
"12";"1";"10000";"1229";"1471900132601";"23";"true";"Prim3"
"5";"93773";"96897";"278";"1471900132624";"0";"";""
"4";"87522";"93772";"554";"1471900132624";"16";"";""
"9";"99631";"99825";"18";"1471900132643";"0";"";""
"7";"98460";"99240";"71";"1471900132642";"2";"";""
"8";"99241";"99630";"33";"1471900132643";"0";"";""
"10";"99826";"99922";"9";"1471900132648";"1";"";""
"12";"99971";"100000";"3";"1471900132649";"0";"";""
"11";"99923";"99970";"3";"1471900132649";"0";"";""
"6";"96898";"98459";"128";"1471900132644";"4";"";""
"3";"75019";"87521";"1099";"1471900132624";"23";"";""
"2";"50013";"75018";"2263";"1471900132624";"41";"";""
"1";"1";"50012";"5133";"1471900132624";"78";"";""
"12";"1";"100000";"9592";"1471900132624";"80";"true";"Prim3"
"7";"984614";"992427";"558";"1471900132744";"22";"";""
"12";"999752";"1000000";"15";"1471900132779";"1";"";""
"11";"999264";"999751";"32";"1471900132779";"2";"";""
"8";"992428";"996334";"280";"1471900132779";"8";"";""
"6";"968986";"984613";"1119";"1471900132705";"82";"";""
"9";"996335";"998287";"147";"1471900132779";"6";"";""
"10";"998288";"999263";"70";"1471900132779";"3";"";""
"5";"937729";"968985";"2251";"1471900132705";"168";"";""
"4";"875214";"937728";"4565";"1471900132745";"272";"";""
"3";"750184";"875213";"9206";"1471900132705";"534";"";""
"2";"500123";"750183";"18707";"1471900132705";"1118";"";""
"1";"1";"500122";"41548";"1471900132705";"2672";"";""
"12";"1";"1000000";"78498";"1471900132705";"2674";"true";"Prim3"
"1";"1";"1000";"168";"1471900143849";"0";"";""
"1";"1";"1000";"168";"1471900143849";"0";"true";"Prim4"
"1";"1";"10000";"1229";"1471900143849";"0";"";""
"1";"1";"10000";"1229";"1471900143849";"16";"true";"Prim4"
"1";"1";"100000";"9592";"1471900143869";"141";"";""
"1";"1";"100000";"9592";"1471900143869";"143";"true";"Prim4"
"1";"1";"1000000";"78498";"1471900144016";"8469";"";""
"1";"1";"1000000";"78498";"1471900144016";"8472";"true";"Prim4"
"1";"1";"500";"95";"1471900152562";"0";"";""
"2";"501";"1000";"73";"1471900152562";"0";"";""
"2";"1";"1000";"168";"1471900152562";"4";"true";"Prim4"
"1";"1";"5000";"669";"1471900152570";"1";"";""
"2";"5001";"10000";"560";"1471900152570";"2";"";""
"2";"1";"10000";"1229";"1471900152570";"5";"true";"Prim4"
"1";"1";"50000";"5133";"1471900152576";"57";"";""
"2";"50001";"100000";"4459";"1471900152576";"61";"";""
"2";"1";"100000";"9592";"1471900152576";"61";"true";"Prim4"
"1";"1";"500000";"41538";"1471900152653";"2838";"";""
"2";"500001";"1000000";"36960";"1471900152653";"3051";"";""
"2";"1";"1000000";"78498";"1471900152653";"3051";"true";"Prim4"
"1";"1";"500";"95";"1471900155776";"0";"";""
"3";"751";"1000";"36";"1471900155776";"0";"";""
"2";"501";"750";"37";"1471900155776";"0";"";""
"3";"1";"1000";"168";"1471900155776";"18";"true";"Prim4"
"2";"5001";"7500";"281";"1471900155798";"1";"";""
"1";"1";"5000";"669";"1471900155798";"2";"";""
"3";"7501";"10000";"279";"1471900155798";"1";"";""
"3";"1";"10000";"1229";"1471900155797";"8";"true";"Prim4"
"2";"50001";"75000";"2260";"1471900155806";"34";"";""
"3";"75001";"100000";"2199";"1471900155806";"37";"";""
"1";"1";"50000";"5133";"1471900155806";"61";"";""
"3";"1";"100000";"9592";"1471900155806";"61";"true";"Prim4"
"2";"500001";"750000";"18700";"1471900155867";"1135";"";""
"3";"750001";"1000000";"18260";"1471900155867";"1212";"";""
"1";"1";"500000";"41538";"1471900155867";"2682";"";""
"3";"1";"1000000";"78498";"1471900155867";"2684";"true";"Prim4"
"2";"429";"714";"45";"1471900158620";"0";"";""
"1";"1";"428";"82";"1471900158620";"0";"";""
"4";"858";"1000";"20";"1471900158620";"0";"";""
"3";"715";"857";"21";"1471900158620";"0";"";""
"4";"1";"1000";"168";"1471900158620";"0";"true";"Prim4"
"3";"7143";"8571";"153";"1471900158620";"0";"";""
"1";"1";"4285";"588";"1471900158620";"16";"";""
"2";"4286";"7142";"326";"1471900158620";"16";"";""
"4";"8572";"10000";"162";"1471900158620";"0";"";""
"4";"1";"10000";"1229";"1471900158620";"23";"true";"Prim4"
"3";"71429";"85714";"1268";"1471900158648";"13";"";""
"4";"85715";"100000";"1250";"1471900158648";"13";"";""
"2";"42858";"71428";"2593";"1471900158648";"33";"";""
"1";"1";"42857";"4481";"1471900158648";"53";"";""
"4";"1";"100000";"9592";"1471900158647";"56";"true";"Prim4"
"3";"714286";"857142";"10517";"1471900158709";"615";"";""
"4";"857143";"1000000";"10359";"1471900158709";"656";"";""
"2";"428572";"714285";"21576";"1471900158708";"1357";"";""
"1";"1";"428571";"36046";"1471900158708";"2157";"";""
"4";"1";"1000000";"78498";"1471900158708";"2175";"true";"Prim4"
"1";"1";"416";"80";"1471900160946";"0";"";""
"4";"834";"916";"11";"1471900160946";"0";"";""
"2";"417";"666";"41";"1471900160946";"0";"";""
"3";"667";"833";"24";"1471900160946";"0";"";""
"5";"917";"1000";"12";"1471900160946";"0";"";""
"5";"1";"1000";"168";"1471900160946";"0";"true";"Prim4"
"5";"9167";"10000";"93";"1471900160966";"0";"";""
"2";"4167";"6666";"286";"1471900160966";"1";"";""
"4";"8334";"9166";"91";"1471900160966";"1";"";""
"3";"6667";"8333";"186";"1471900160966";"0";"";""
"1";"1";"4166";"573";"1471900160965";"1";"";""
"5";"1";"10000";"1229";"1471900160964";"12";"true";"Prim4"
"4";"83334";"91666";"725";"1471900160977";"0";"";""
"5";"91667";"100000";"733";"1471900160977";"0";"";""
"3";"66667";"83333";"1489";"1471900160977";"20";"";""
"2";"41667";"66666";"2286";"1471900160977";"20";"";""
"1";"1";"41666";"4359";"1471900160977";"58";"";""
"5";"1";"100000";"9592";"1471900160977";"61";"true";"Prim4"
"5";"916667";"1000000";"6009";"1471900161043";"363";"";""
"4";"833334";"916666";"6070";"1471900161045";"404";"";""
"3";"666667";"833333";"12350";"1471900161042";"756";"";""
"2";"416667";"666666";"18938";"1471900161042";"1154";"";""
"1";"1";"416666";"35131";"1471900161042";"2108";"";""
"5";"1";"1000000";"78498";"1471900161041";"2112";"true";"Prim4"
"3";"651";"800";"21";"1471900163222";"0";"";""
"4";"801";"900";"15";"1471900163222";"0";"";""
"1";"1";"400";"78";"1471900163222";"0";"";""
"6";"951";"1000";"7";"1471900163222";"0";"";""
"5";"901";"950";"7";"1471900163222";"0";"";""
"2";"401";"650";"40";"1471900163222";"0";"";""
"6";"1";"1000";"168";"1471900163222";"0";"true";"Prim4"
"5";"9001";"9500";"60";"1471900163239";"0";"";""
"4";"8001";"9000";"110";"1471900163240";"1";"";""
"1";"1";"4000";"550";"1471900163238";"2";"";""
"2";"4001";"6500";"292";"1471900163239";"1";"";""
"3";"6501";"8000";"165";"1471900163239";"1";"";""
"6";"9501";"10000";"52";"1471900163239";"0";"";""
"6";"1";"10000";"1229";"1471900163238";"4";"true";"Prim4"
"6";"95001";"100000";"435";"1471900163242";"19";"";""
"5";"90001";"95000";"444";"1471900163267";"6";"";""
"3";"65001";"80000";"1344";"1471900163242";"30";"";""
"4";"80001";"90000";"876";"1471900163242";"25";"";""
"2";"40001";"65000";"2290";"1471900163242";"41";"";""
"1";"1";"40000";"4203";"1471900163242";"61";"";""
"6";"1";"100000";"9592";"1471900163242";"61";"true";"Prim4"
"6";"950001";"1000000";"3591";"1471900163344";"233";"";""
"5";"900001";"950000";"3633";"1471900163344";"264";"";""
"4";"800001";"900000";"7323";"1471900163303";"468";"";""
"3";"650001";"800000";"11120";"1471900163303";"690";"";""
"2";"400001";"650000";"18971";"1471900163303";"1192";"";""
"1";"1";"400000";"33860";"1471900163303";"1946";"";""
"6";"1";"1000000";"78498";"1471900163303";"1949";"true";"Prim4"
"2";"394";"636";"38";"1471900165332";"0";"";""
"4";"788";"878";"13";"1471900165334";"0";"";""
"3";"637";"787";"23";"1471900165332";"1";"";""
"1";"1";"393";"77";"1471900165332";"0";"";""
"6";"940";"969";"4";"1471900165335";"0";"";""
"7";"970";"1000";"5";"1471900165335";"0";"";""
"5";"879";"939";"8";"1471900165334";"0";"";""
"7";"1";"1000";"168";"1471900165331";"13";"true";"Prim4"
"5";"8788";"9393";"66";"1471900165345";"0";"";""
"1";"1";"3939";"546";"1471900165345";"0";"";""
"2";"3940";"6363";"283";"1471900165345";"0";"";""
"6";"9394";"9696";"35";"1471900165345";"0";"";""
"3";"6364";"7878";"166";"1471900165345";"0";"";""
"4";"7879";"8787";"100";"1471900165345";"0";"";""
"7";"9697";"10000";"33";"1471900165345";"0";"";""
"7";"1";"10000";"1229";"1471900165345";"18";"true";"Prim4"
"5";"87879";"93939";"531";"1471900165365";"0";"";""
"7";"96970";"100000";"260";"1471900165365";"19";"";""
"6";"93940";"96969";"269";"1471900165365";"0";"";""
"4";"78788";"87878";"805";"1471900165365";"0";"";""
"2";"39394";"63636";"2232";"1471900165365";"27";"";""
"3";"63637";"78787";"1348";"1471900165365";"22";"";""
"1";"1";"39393";"4147";"1471900165365";"51";"";""
"7";"1";"100000";"9592";"1471900165365";"51";"true";"Prim4"
"6";"939394";"969696";"2180";"1471900165416";"167";"";""
"7";"969697";"1000000";"2171";"1471900165502";"145";"";""
"5";"878788";"939393";"4416";"1471900165416";"330";"";""
"4";"787879";"878787";"6682";"1471900165416";"427";"";""
"3";"636364";"787878";"11224";"1471900165457";"719";"";""
"2";"393940";"636363";"18430";"1471900165416";"1154";"";""
"1";"1";"393939";"33395";"1471900165416";"1967";"";""
"7";"1";"1000000";"78498";"1471900165416";"1969";"true";"Prim4"
"4";"778";"870";"13";"1471900167453";"0";"";""
"6";"926";"962";"5";"1471900167453";"0";"";""
"2";"389";"629";"38";"1471900167453";"0";"";""
"3";"630";"777";"23";"1471900167453";"0";"";""
"1";"1";"388";"76";"1471900167453";"0";"";""
"5";"871";"925";"7";"1471900167453";"0";"";""
"7";"963";"981";"3";"1471900167455";"0";"";""
"8";"982";"1000";"3";"1471900167455";"0";"";""
"8";"1";"1000";"168";"1471900167452";"15";"true";"Prim4"
"5";"8704";"9259";"63";"1471900167471";"0";"";""
"1";"1";"3888";"538";"1471900167471";"1";"";""
"6";"9260";"9629";"42";"1471900167472";"0";"";""
"2";"3889";"6296";"280";"1471900167471";"0";"";""
"4";"7778";"8703";"99";"1471900167471";"0";"";""
"3";"6297";"7777";"167";"1471900167471";"0";"";""
"7";"9630";"9814";"21";"1471900167473";"0";"";""
"8";"9815";"10000";"19";"1471900167473";"0";"";""
"8";"1";"10000";"1229";"1471900167470";"9";"true";"Prim4"
"6";"92593";"96296";"335";"1471900167479";"18";"";""
"7";"96297";"98148";"152";"1471900167513";"2";"";""
"4";"77778";"87037";"808";"1471900167500";"12";"";""
"3";"62963";"77777";"1331";"1471900167479";"33";"";""
"5";"87038";"92592";"489";"1471900167479";"20";"";""
"2";"38889";"62962";"2218";"1471900167479";"39";"";""
"8";"98149";"100000";"163";"1471900167513";"2";"";""
"1";"1";"38888";"4096";"1471900167479";"61";"";""
"8";"1";"100000";"9592";"1471900167479";"64";"true";"Prim4"
"7";"962963";"981481";"1332";"1471900167550";"90";"";""
"8";"981482";"1000000";"1324";"1471900167550";"101";"";""
"6";"925926";"962962";"2662";"1471900167550";"171";"";""
"5";"870371";"925925";"4055";"1471900167550";"289";"";""
"4";"777778";"870370";"6824";"1471900167596";"423";"";""
"3";"629630";"777777";"10992";"1471900167548";"711";"";""
"2";"388889";"629629";"18336";"1471900167548";"1150";"";""
"1";"1";"388888";"32973";"1471900167547";"1951";"";""
"8";"1";"1000000";"78498";"1471900167547";"1953";"true";"Prim4"
"3";"626";"772";"22";"1471900169572";"0";"";""
"4";"773";"863";"14";"1471900169572";"0";"";""
"1";"1";"386";"76";"1471900169572";"0";"";""
"2";"387";"625";"38";"1471900169572";"0";"";""
"8";"978";"988";"1";"1471900169576";"0";"";""
"9";"989";"1000";"2";"1471900169576";"0";"";""
"7";"955";"977";"3";"1471900169575";"0";"";""
"6";"921";"954";"5";"1471900169574";"0";"";""
"5";"864";"920";"7";"1471900169574";"0";"";""
"9";"1";"1000";"168";"1471900169571";"10";"true";"Prim4"
"5";"8637";"9204";"66";"1471900169581";"0";"";""
"1";"1";"3863";"536";"1471900169581";"0";"";""
"6";"9205";"9545";"40";"1471900169581";"0";"";""
"2";"3864";"6250";"276";"1471900169581";"0";"";""
"3";"6251";"7727";"169";"1471900169581";"0";"";""
"4";"7728";"8636";"94";"1471900169581";"0";"";""
"9";"9887";"10000";"10";"1471900169581";"0";"";""
"8";"9773";"9886";"14";"1471900169581";"0";"";""
"7";"9546";"9772";"24";"1471900169581";"0";"";""
"9";"1";"10000";"1229";"1471900169581";"31";"true";"Prim4"
"6";"92046";"95454";"310";"1471900169618";"4";"";""
"4";"77273";"86363";"805";"1471900169622";"0";"";""
"5";"86364";"92045";"493";"1471900169618";"4";"";""
"8";"97728";"98863";"93";"1471900169640";"1";"";""
"9";"98864";"100000";"105";"1471900169642";"1";"";""
"2";"38637";"62499";"2206";"1471900169617";"25";"";""
"3";"62500";"77272";"1318";"1471900169622";"24";"";""
"7";"95455";"97727";"193";"1471900169641";"4";"";""
"1";"1";"38636";"4069";"1471900169617";"46";"";""
"9";"1";"100000";"9592";"1471900169616";"47";"true";"Prim4"
"8";"977273";"988636";"799";"1471900169707";"27";"";""
"9";"988637";"1000000";"818";"1471900169707";"27";"";""
"6";"920455";"954545";"2469";"1471900169707";"164";"";""
"7";"954546";"977272";"1644";"1471900169707";"128";"";""
"5";"863637";"920454";"4159";"1471900169734";"281";"";""
"4";"772728";"863636";"6671";"1471900169663";"433";"";""
"3";"625001";"772727";"10952";"1471900169663";"697";"";""
"2";"386364";"625000";"18194";"1471900169663";"1149";"";""
"1";"1";"386363";"32792";"1471900169663";"1948";"";""
"9";"1";"1000000";"78498";"1471900169663";"1950";"true";"Prim4"
"3";"623";"769";"22";"1471900171691";"0";"";""
"6";"917";"951";"5";"1471900171693";"0";"";""
"1";"1";"384";"76";"1471900171692";"0";"";""
"10";"994";"1000";"1";"1471900171695";"0";"";""
"4";"770";"860";"13";"1471900171692";"0";"";""
"2";"385";"622";"38";"1471900171691";"0";"";""
"9";"987";"993";"1";"1471900171695";"0";"";""
"8";"973";"986";"2";"1471900171695";"0";"";""
"7";"952";"972";"3";"1471900171695";"0";"";""
"5";"861";"916";"7";"1471900171694";"0";"";""
"10";"1";"1000";"168";"1471900171691";"20";"true";"Prim4"
"4";"7693";"8601";"95";"1471900171715";"0";"";""
"6";"9161";"9510";"42";"1471900171715";"0";"";""
"8";"9721";"9860";"19";"1471900171715";"0";"";""
"2";"3847";"6223";"278";"1471900171715";"0";"";""
"5";"8602";"9160";"64";"1471900171715";"0";"";""
"3";"6224";"7692";"166";"1471900171715";"0";"";""
"10";"9931";"10000";"5";"1471900171715";"0";"";""
"9";"9861";"9930";"7";"1471900171715";"0";"";""
"1";"1";"3846";"532";"1471900171715";"0";"";""
"7";"9511";"9720";"21";"1471900171715";"0";"";""
"10";"1";"10000";"1229";"1471900171715";"26";"true";"Prim4"
"5";"86014";"91608";"493";"1471900171746";"6";"";""
"4";"76924";"86013";"801";"1471900171746";"10";"";""
"9";"98602";"99300";"65";"1471900171759";"1";"";""
"7";"95105";"97202";"185";"1471900171759";"3";"";""
"10";"99301";"100000";"60";"1471900171771";"1";"";""
"2";"38462";"62237";"2198";"1471900171746";"25";"";""
"8";"97203";"98601";"114";"1471900171767";"3";"";""
"6";"91609";"95104";"312";"1471900171763";"4";"";""
"3";"62238";"76923";"1306";"1471900171746";"27";"";""
"1";"1";"38461";"4058";"1471900171756";"39";"";""
"10";"1";"100000";"9592";"1471900171745";"51";"true";"Prim4"
"9";"986014";"993006";"498";"1471900171866";"22";"";""
"10";"993007";"1000000";"505";"1471900171866";"22";"";""
"8";"972028";"986013";"989";"1471900171866";"86";"";""
"6";"916084";"951048";"2545";"1471900171796";"244";"";""
"7";"951049";"972027";"1518";"1471900171866";"110";"";""
"5";"860140";"916083";"4088";"1471900171796";"336";"";""
"4";"769231";"860139";"6680";"1471900171834";"496";"";""
"3";"622378";"769230";"10885";"1471900171796";"714";"";""
"2";"384616";"622377";"18136";"1471900171796";"1074";"";""
"1";"1";"384615";"32654";"1471900171796";"1951";"";""
"10";"1";"1000000";"78498";"1471900171796";"1951";"true";"Prim4"
"1";"1";"383";"76";"1471900173827";"0";"";""
"3";"621";"767";"21";"1471900173827";"0";"";""
"4";"768";"857";"13";"1471900173827";"0";"";""
"2";"384";"620";"38";"1471900173827";"0";"";""
"10";"992";"995";"0";"1471900173833";"0";"";""
"9";"983";"991";"2";"1471900173833";"0";"";""
"8";"970";"982";"2";"1471900173831";"0";"";""
"7";"949";"969";"2";"1471900173831";"0";"";""
"6";"914";"948";"5";"1471900173829";"0";"";""
"5";"858";"913";"8";"1471900173829";"0";"";""
"11";"996";"1000";"1";"1471900173834";"0";"";""
"11";"1";"1000";"168";"1471900173826";"21";"true";"Prim4"
"4";"7673";"8577";"96";"1471900173848";"0";"";""
"1";"1";"3836";"532";"1471900173848";"0";"";""
"5";"8578";"9137";"65";"1471900173848";"0";"";""
"2";"3837";"6206";"275";"1471900173848";"0";"";""
"3";"6207";"7672";"165";"1471900173848";"0";"";""
"8";"9699";"9827";"14";"1471900173848";"0";"";""
"11";"9957";"10000";"2";"1471900173848";"0";"";""
"10";"9914";"9956";"5";"1471900173848";"0";"";""
"9";"9828";"9913";"11";"1471900173848";"0";"";""
"7";"9483";"9698";"22";"1471900173848";"0";"";""
"6";"9138";"9482";"42";"1471900173848";"0";"";""
"11";"1";"10000";"1229";"1471900173848";"28";"true";"Prim4"
"5";"85776";"91379";"490";"1471900173882";"5";"";""
"6";"91380";"94827";"308";"1471900173889";"0";"";""
"4";"76725";"85775";"801";"1471900173882";"7";"";""
"3";"62069";"76724";"1305";"1471900173882";"7";"";""
"9";"98276";"99137";"82";"1471900173889";"0";"";""
"11";"99569";"100000";"39";"1471900173905";"1";"";""
"7";"94828";"96982";"191";"1471900173889";"0";"";""
"10";"99138";"99568";"34";"1471900173889";"0";"";""
"8";"96983";"98275";"103";"1471900173889";"0";"";""
"2";"38363";"62068";"2190";"1471900173882";"25";"";""
"1";"1";"38362";"4049";"1471900173889";"40";"";""
"11";"1";"100000";"9592";"1471900173880";"49";"true";"Prim4"
"10";"991380";"995689";"312";"1471900173987";"3";"";""
"7";"948276";"969827";"1553";"1471900173946";"95";"";""
"9";"982759";"991379";"616";"1471900173986";"25";"";""
"11";"995690";"1000000";"311";"1471900173987";"3";"";""
"8";"969828";"982758";"921";"1471900174041";"80";"";""
"6";"913794";"948275";"2502";"1471900173946";"215";"";""
"5";"857759";"913793";"4098";"1471900173977";"266";"";""
"4";"767242";"857758";"6657";"1471900173945";"453";"";""
"3";"620690";"767241";"10862";"1471900173979";"686";"";""
"2";"383621";"620689";"18097";"1471900173929";"1108";"";""
"1";"1";"383620";"32569";"1471900173929";"1951";"";""
"11";"1";"1000000";"78498";"1471900173929";"1951";"true";"Prim4"
"3";"620";"765";"21";"1471900175969";"0";"";""
"5";"857";"912";"9";"1471900175971";"0";"";""
"8";"969";"981";"2";"1471900175971";"0";"";""
"4";"766";"856";"12";"1471900175970";"0";"";""
"1";"1";"382";"75";"1471900175969";"0";"";""
"2";"383";"619";"39";"1471900175969";"0";"";""
"11";"995";"997";"1";"1471900175971";"0";"";""
"12";"998";"1000";"0";"1471900175971";"0";"";""
"10";"990";"994";"1";"1471900175971";"0";"";""
"9";"982";"989";"1";"1471900175971";"0";"";""
"7";"947";"968";"3";"1471900175971";"0";"";""
"6";"913";"946";"4";"1471900175971";"0";"";""
"12";"1";"1000";"168";"1471900175968";"24";"true";"Prim4"
"4";"7660";"8563";"96";"1471900175992";"0";"";""
"1";"1";"3829";"531";"1471900175992";"0";"";""
"2";"3830";"6196";"273";"1471900175992";"0";"";""
"5";"8564";"9122";"63";"1471900175992";"0";"";""
"3";"6197";"7659";"167";"1471900175992";"0";"";""
"9";"9814";"9893";"10";"1471900175992";"0";"";""
"12";"9974";"10000";"0";"1471900175992";"0";"";""
"11";"9947";"9973";"3";"1471900175992";"0";"";""
"10";"9894";"9946";"6";"1471900175992";"0";"";""
"8";"9681";"9813";"15";"1471900175992";"0";"";""
"7";"9469";"9680";"22";"1471900175992";"0";"";""
"6";"9123";"9468";"43";"1471900175992";"0";"";""
"12";"1";"10000";"1229";"1471900175992";"20";"true";"Prim4"
"6";"91224";"94680";"308";"1471900176030";"4";"";""
"12";"99735";"100000";"22";"1471900176041";"0";"";""
"11";"99469";"99734";"26";"1471900176040";"1";"";""
"10";"98937";"99468";"46";"1471900176040";"1";"";""
"8";"96809";"98138";"108";"1471900176039";"1";"";""
"9";"98139";"98936";"70";"1471900176039";"1";"";""
"4";"76596";"85638";"801";"1471900176030";"10";"";""
"7";"94681";"96808";"191";"1471900176037";"2";"";""
"5";"85639";"91223";"487";"1471900176033";"6";"";""
"2";"38298";"61968";"2187";"1471900176029";"13";"";""
"3";"61969";"76595";"1305";"1471900176041";"21";"";""
"1";"1";"38297";"4041";"1471900176028";"54";"";""
"12";"1";"100000";"9592";"1471900176028";"57";"true";"Prim4"
"12";"997341";"1000000";"187";"1471900176144";"7";"";""
"8";"968086";"981382";"956";"1471900176173";"76";"";""
"9";"981383";"989361";"564";"1471900176172";"23";"";""
"10";"989362";"994680";"383";"1471900176154";"20";"";""
"11";"994681";"997340";"200";"1471900176154";"0";"";""
"7";"946809";"968085";"1526";"1471900176174";"107";"";""
"5";"856383";"912234";"4108";"1471900176092";"290";"";""
"6";"912235";"946808";"2497";"1471900176173";"212";"";""
"4";"765958";"856382";"6644";"1471900176092";"443";"";""
"3";"619681";"765957";"10847";"1471900176129";"677";"";""
"2";"382979";"619680";"18066";"1471900176090";"1131";"";""
"1";"1";"382978";"32520";"1471900176090";"1931";"";""
"12";"1";"1000000";"78498";"1471900176089";"1934";"true";"Prim4"
"1";"1";"1000";"168";"1471900186411";"0";"";""
"1";"1";"1000";"168";"1471900186397";"16";"true";"Prim50"
"1";"1";"10000";"1229";"1471900186414";"0";"";""
"1";"1";"10000";"1229";"1471900186414";"0";"true";"Prim50"
"1";"1";"100000";"9592";"1471900186414";"143";"";""
"1";"1";"100000";"9592";"1471900186414";"143";"true";"Prim50"
"1";"1";"1000000";"78498";"1471900186574";"8327";"";""
"1";"1";"1000000";"78498";"1471900186574";"8329";"true";"Prim50"
"1";"1";"500";"95";"1471900194968";"0";"";""
"2";"501";"1000";"73";"1471900194968";"0";"";""
"2";"1";"1000";"168";"1471900194968";"0";"true";"Prim50"
"1";"1";"5000";"669";"1471900194984";"1";"";""
"2";"5001";"10000";"560";"1471900194984";"2";"";""
"2";"1";"10000";"1229";"1471900194968";"21";"true";"Prim50"
"1";"1";"50000";"5133";"1471900194994";"45";"";""
"2";"50001";"100000";"4459";"1471900194994";"64";"";""
"2";"1";"100000";"9592";"1471900194993";"67";"true";"Prim50"
"1";"1";"500000";"41538";"1471900195064";"2845";"";""
"2";"500001";"1000000";"36960";"1471900195064";"3094";"";""
"2";"1";"1000000";"78498";"1471900195064";"3094";"true";"Prim50"
"1";"1";"250";"53";"1471900198229";"0";"";""
"3";"751";"1000";"36";"1471900198229";"0";"";""
"2";"251";"750";"79";"1471900198229";"0";"";""
"3";"1";"1000";"168";"1471900198229";"0";"true";"Prim50"
"1";"1";"2500";"367";"1471900198248";"1";"";""
"2";"2501";"7500";"583";"1471900198248";"1";"";""
"3";"7501";"10000";"279";"1471900198248";"1";"";""
"3";"1";"10000";"1229";"1471900198247";"2";"true";"Prim50"
"1";"1";"25000";"2762";"1471900198249";"38";"";""
"3";"75001";"100000";"2199";"1471900198249";"45";"";""
"2";"25001";"75000";"4631";"1471900198249";"72";"";""
"3";"1";"100000";"9592";"1471900198249";"72";"true";"Prim50"
"1";"1";"250000";"22044";"1471900198321";"922";"";""
"3";"750001";"1000000";"18260";"1471900198321";"1195";"";""
"2";"250001";"750000";"38194";"1471900198321";"2702";"";""
"3";"1";"1000000";"78498";"1471900198321";"2702";"true";"Prim50"
"1";"1";"125";"30";"1471900201102";"0";"";""
"4";"876";"1000";"18";"1471900201102";"0";"";""
"3";"501";"875";"55";"1471900201102";"0";"";""
"2";"126";"500";"65";"1471900201102";"0";"";""
"4";"1";"1000";"168";"1471900201101";"3";"true";"Prim50"
"1";"1";"1250";"204";"1471900201104";"0";"";""
"3";"5001";"8750";"422";"1471900201104";"0";"";""
"2";"1251";"5000";"465";"1471900201104";"0";"";""
"4";"8751";"10000";"138";"1471900201104";"0";"";""
"4";"1";"10000";"1229";"1471900201104";"17";"true";"Prim50"
"1";"1";"12500";"1492";"1471900201124";"0";"";""
"4";"87501";"100000";"1100";"1471900201124";"18";"";""
"2";"12501";"50000";"3641";"1471900201124";"40";"";""
"3";"50001";"87500";"3359";"1471900201124";"48";"";""
"4";"1";"100000";"9592";"1471900201124";"51";"true";"Prim50"
"1";"1";"125000";"11734";"1471900201180";"290";"";""
"4";"875001";"1000000";"9050";"1471900201180";"506";"";""
"2";"125001";"500000";"29804";"1471900201180";"1779";"";""
"3";"500001";"875000";"27910";"1471900201180";"1946";"";""
"4";"1";"1000000";"78498";"1471900201179";"1947";"true";"Prim50"
"1";"1";"62";"18";"1471900203201";"0";"";""
"2";"63";"312";"46";"1471900203201";"0";"";""
"3";"313";"687";"60";"1471900203201";"0";"";""
"4";"688";"937";"35";"1471900203202";"1";"";""
"5";"938";"1000";"9";"1471900203203";"0";"";""
"5";"1";"1000";"168";"1471900203200";"10";"true";"Prim50"
"1";"1";"625";"114";"1471900203214";"1";"";""
"4";"6876";"9375";"274";"1471900203215";"1";"";""
"3";"3126";"6875";"440";"1471900203214";"2";"";""
"2";"626";"3125";"331";"1471900203214";"1";"";""
"5";"9376";"10000";"70";"1471900203215";"0";"";""
"5";"1";"10000";"1229";"1471900203214";"3";"true";"Prim50"
"1";"1";"6250";"812";"1471900203217";"0";"";""
"5";"93751";"100000";"545";"1471900203241";"9";"";""
"2";"6251";"31250";"2556";"1471900203217";"35";"";""
"4";"68751";"93750";"2213";"1471900203217";"41";"";""
"3";"31251";"68750";"3466";"1471900203217";"59";"";""
"5";"1";"100000";"9592";"1471900203217";"61";"true";"Prim50"
"1";"1";"62500";"6275";"1471900203278";"81";"";""
"5";"937501";"1000000";"4492";"1471900203315";"229";"";""
"2";"62501";"312500";"20717";"1471900203278";"972";"";""
"4";"687501";"937500";"18380";"1471900203278";"1204";"";""
"3";"312501";"687500";"28634";"1471900203278";"1839";"";""
"5";"1";"1000000";"78498";"1471900203278";"1839";"true";"Prim50"
"2";"32";"187";"31";"1471900205195";"0";"";""
"1";"1";"31";"11";"1471900205195";"0";"";""
"4";"501";"812";"46";"1471900205195";"0";"";""
"3";"188";"500";"53";"1471900205195";"0";"";""
"5";"813";"968";"22";"1471900205197";"0";"";""
"6";"969";"1000";"5";"1471900205197";"0";"";""
"6";"1";"1000";"168";"1471900205194";"4";"true";"Prim50"
"2";"313";"1875";"223";"1471900205198";"0";"";""
"4";"5001";"8125";"353";"1471900205198";"0";"";""
"1";"1";"312";"64";"1471900205198";"0";"";""
"5";"8126";"9687";"173";"1471900205198";"0";"";""
"3";"1876";"5000";"382";"1471900205198";"0";"";""
"6";"9688";"10000";"34";"1471900205198";"0";"";""
"6";"1";"10000";"1229";"1471900205198";"26";"true";"Prim50"
"1";"1";"3125";"445";"1471900205228";"0";"";""
"6";"96876";"100000";"266";"1471900205228";"0";"";""
"5";"81251";"96875";"1374";"1471900205228";"26";"";""
"2";"3126";"18750";"1695";"1471900205228";"0";"";""
"3";"18751";"50000";"2993";"1471900205228";"35";"";""
"4";"50001";"81250";"2819";"1471900205228";"41";"";""
"6";"1";"100000";"9592";"1471900205228";"41";"true";"Prim50"
"1";"1";"31250";"3368";"1471900205269";"51";"";""
"6";"968751";"1000000";"2237";"1471900205308";"124";"";""
"2";"31251";"187500";"13596";"1471900205269";"509";"";""
"5";"812501";"968750";"11388";"1471900205269";"695";"";""
"3";"187501";"500000";"24574";"1471900205269";"1463";"";""
"4";"500001";"812500";"23335";"1471900205269";"1565";"";""
"6";"1";"1000000";"78498";"1471900205269";"1565";"true";"Prim50"
"2";"16";"109";"23";"1471900206912";"0";"";""
"1";"1";"15";"6";"1471900206912";"0";"";""
"5";"657";"890";"35";"1471900206915";"0";"";""
"3";"110";"343";"39";"1471900206914";"0";"";""
"4";"344";"656";"51";"1471900206914";"0";"";""
"7";"985";"1000";"2";"1471900206915";"0";"";""
"6";"891";"984";"12";"1471900206915";"0";"";""
"7";"1";"1000";"168";"1471900206911";"4";"true";"Prim50"
"1";"1";"156";"36";"1471900206930";"0";"";""
"4";"3438";"6562";"366";"1471900206930";"2";"";""
"7";"9844";"10000";"15";"1471900206935";"0";"";""
"6";"8907";"9843";"106";"1471900206931";"0";"";""
"5";"6563";"8906";"261";"1471900206932";"1";"";""
"3";"1094";"3437";"298";"1471900206932";"1";"";""
"2";"157";"1093";"147";"1471900206932";"0";"";""
"7";"1";"10000";"1229";"1471900206915";"31";"true";"Prim50"
"1";"1";"1562";"246";"1471900206951";"1";"";""
"2";"1563";"10937";"1082";"1471900206954";"2";"";""
"7";"98438";"100000";"140";"1471900206955";"1";"";""
"6";"89063";"98437";"826";"1471900206955";"1";"";""
"3";"10938";"34375";"2346";"1471900206951";"23";"";""
"4";"34376";"65625";"2880";"1471900206951";"25";"";""
"5";"65626";"89062";"2072";"1471900206956";"39";"";""
"7";"1";"100000";"9592";"1471900206950";"48";"true";"Prim50"
"1";"1";"15625";"1821";"1471900207003";"34";"";""
"7";"984376";"1000000";"1122";"1471900207037";"93";"";""
"2";"15626";"109375";"8576";"1471900207003";"221";"";""
"6";"890626";"984375";"6783";"1471900207067";"416";"";""
"3";"109376";"343750";"19083";"1471900207003";"961";"";""
"5";"656251";"890625";"17309";"1471900207003";"1182";"";""
"4";"343751";"656250";"23804";"1471900207003";"1526";"";""
"7";"1";"1000000";"78498";"1471900207002";"1530";"true";"Prim50"
"2";"8";"62";"14";"1471900208601";"0";"";""
"1";"1";"7";"4";"1471900208601";"0";"";""
"4";"227";"500";"47";"1471900208601";"0";"";""
"3";"63";"226";"30";"1471900208601";"0";"";""
"8";"993";"1000";"1";"1471900208601";"0";"";""
"7";"938";"992";"8";"1471900208601";"0";"";""
"6";"774";"937";"22";"1471900208601";"0";"";""
"5";"501";"773";"42";"1471900208601";"0";"";""
"8";"1";"1000";"168";"1471900208601";"22";"true";"Prim50"
"1";"1";"78";"21";"1471900208627";"0";"";""
"3";"626";"2265";"221";"1471900208627";"1";"";""
"2";"79";"625";"93";"1471900208628";"0";"";""
"6";"7735";"9375";"178";"1471900208630";"1";"";""
"8";"9922";"10000";"7";"1471900208631";"0";"";""
"7";"9376";"9921";"63";"1471900208631";"0";"";""
"5";"5001";"7734";"312";"1471900208629";"1";"";""
"4";"2266";"5000";"334";"1471900208629";"1";"";""
"8";"1";"10000";"1229";"1471900208626";"16";"true";"Prim50"
"8";"99219";"100000";"68";"1471900208642";"0";"";""
"7";"93751";"99218";"477";"1471900208642";"19";"";""
"3";"6251";"22656";"1719";"1471900208642";"20";"";""
"2";"782";"6250";"675";"1471900208662";"0";"";""
"1";"1";"781";"137";"1471900208662";"0";"";""
"6";"77344";"93750";"1449";"1471900208642";"20";"";""
"4";"22657";"50000";"2602";"1471900208642";"39";"";""
"5";"50001";"77343";"2465";"1471900208662";"38";"";""
"8";"1";"100000";"9592";"1471900208642";"61";"true";"Prim50"
"1";"1";"7812";"987";"1471900208703";"40";"";""
"8";"992188";"1000000";"559";"1471900208779";"22";"";""
"2";"7813";"62500";"5288";"1471900208741";"87";"";""
"7";"937501";"992187";"3933";"1471900208703";"267";"";""
"3";"62501";"226562";"13872";"1471900208703";"602";"";""
"6";"773438";"937500";"12020";"1471900208703";"785";"";""
"4";"226563";"500000";"21391";"1471900208740";"1212";"";""
"5";"500001";"773437";"20448";"1471900208703";"1370";"";""
"8";"1";"1000000";"78498";"1471900208703";"1373";"true";"Prim50"
"2";"4";"35";"9";"1471900210153";"0";"";""
"3";"36";"144";"23";"1471900210153";"1";"";""
"4";"145";"363";"38";"1471900210154";"0";"";""
"5";"364";"636";"43";"1471900210154";"0";"";""
"1";"1";"3";"2";"1471900210154";"0";"";""
"9";"997";"1000";"1";"1471900210157";"0";"";""
"8";"965";"996";"5";"1471900210157";"0";"";""
"7";"856";"964";"15";"1471900210155";"0";"";""
"6";"637";"855";"32";"1471900210155";"0";"";""
"9";"1";"1000";"168";"1471900210152";"19";"true";"Prim50"
"2";"40";"351";"58";"1471900210175";"0";"";""
"1";"1";"39";"12";"1471900210177";"0";"";""
"3";"352";"1445";"158";"1471900210175";"1";"";""
"8";"9649";"9960";"36";"1471900210181";"0";"";""
"6";"6368";"8554";"236";"1471900210179";"1";"";""
"4";"1446";"3632";"280";"1471900210179";"1";"";""
"7";"8555";"9648";"125";"1471900210179";"1";"";""
"5";"3633";"6367";"322";"1471900210178";"1";"";""
"9";"9961";"10000";"2";"1471900210183";"0";"";""
"9";"1";"10000";"1229";"1471900210174";"12";"true";"Prim50"
"1";"1";"390";"77";"1471900210186";"16";"";""
"2";"391";"3515";"413";"1471900210186";"16";"";""
"4";"14454";"36328";"2160";"1471900210204";"20";"";""
"7";"85547";"96484";"967";"1471900210206";"0";"";""
"6";"63672";"85546";"1941";"1471900210204";"22";"";""
"9";"99610";"100000";"35";"1471900210226";"0";"";""
"5";"36329";"63671";"2529";"1471900210204";"22";"";""
"3";"3516";"14453";"1205";"1471900210203";"23";"";""
"8";"96485";"99609";"265";"1471900210226";"0";"";""
"9";"1";"100000";"9592";"1471900210186";"58";"true";"Prim50"
"2";"3907";"35156";"3210";"1471900210250";"26";"";""
"9";"996094";"1000000";"286";"1471900210280";"11";"";""
"1";"1";"3906";"539";"1471900210252";"28";"";""
"8";"964844";"996093";"2233";"1471900210280";"137";"";""
"3";"35157";"144531";"9634";"1471900210250";"306";"";""
"7";"855469";"964843";"7969";"1471900210283";"515";"";""
"4";"144532";"363281";"17619";"1471900210252";"901";"";""
"6";"636719";"855468";"16165";"1471900210252";"1072";"";""
"5";"363282";"636718";"20843";"1471900210291";"1277";"";""
"9";"1";"1000000";"78498";"1471900210248";"1320";"true";"Prim50"
"1";"1";"1";"0";"1471900211639";"0";"";""
"9";"981";"998";"3";"1471900211655";"0";"";""
"8";"911";"980";"10";"1471900211655";"0";"";""
"7";"747";"910";"23";"1471900211639";"0";"";""
"6";"501";"746";"37";"1471900211639";"0";"";""
"5";"254";"500";"41";"1471900211639";"0";"";""
"3";"20";"89";"16";"1471900211639";"0";"";""
"4";"90";"253";"30";"1471900211639";"0";"";""
"2";"2";"19";"8";"1471900211639";"0";"";""
"10";"999";"1000";"0";"1471900211655";"0";"";""
"10";"1";"1000";"168";"1471900211639";"30";"true";"Prim50"
"1";"1";"19";"8";"1471900211669";"0";"";""
"3";"196";"898";"110";"1471900211669";"0";"";""
"2";"20";"195";"36";"1471900211669";"0";"";""
"7";"7461";"9101";"183";"1471900211669";"0";"";""
"6";"5001";"7460";"276";"1471900211669";"0";"";""
"5";"2540";"5000";"298";"1471900211669";"0";"";""
"4";"899";"2539";"217";"1471900211669";"0";"";""
"10";"9981";"10000";"0";"1471900211669";"0";"";""
"8";"9102";"9804";"81";"1471900211669";"0";"";""
"9";"9805";"9980";"20";"1471900211669";"0";"";""
"10";"1";"10000";"1229";"1471900211669";"28";"true";"Prim50"
"2";"196";"1953";"253";"1471900211703";"0";"";""
"3";"1954";"8984";"819";"1471900211703";"3";"";""
"9";"98047";"99804";"152";"1471900211708";"2";"";""
"1";"1";"195";"44";"1471900211706";"0";"";""
"5";"25391";"50000";"2334";"1471900211703";"24";"";""
"8";"91016";"98046";"619";"1471900211710";"17";"";""
"10";"99805";"100000";"18";"1471900211710";"0";"";""
"4";"8985";"25390";"1683";"1471900211703";"7";"";""
"7";"74610";"91015";"1444";"1471900211708";"22";"";""
"6";"50001";"74609";"2226";"1471900211707";"23";"";""
"10";"1";"100000";"9592";"1471900211702";"45";"true";"Prim50"
"1";"1";"1953";"297";"1471900211751";"1";"";""
"2";"1954";"19531";"1918";"1471900211751";"14";"";""
"10";"998047";"1000000";"135";"1471900211828";"4";"";""
"3";"19532";"89843";"6484";"1471900211751";"121";"";""
"9";"980469";"998046";"1266";"1471900211870";"77";"";""
"8";"910157";"980468";"5058";"1471900211787";"338";"";""
"4";"89844";"253906";"13653";"1471900211754";"635";"";""
"7";"746094";"910156";"12090";"1471900211787";"796";"";""
"5";"253907";"500000";"19186";"1471900211754";"1138";"";""
"6";"500001";"746093";"18411";"1471900211752";"1216";"";""
"10";"1";"1000000";"78498";"1471900211750";"1219";"true";"Prim50"
"1";"1";"0";"0";"1471900213048";"0";"";""
"5";"172";"376";"35";"1471900213050";"0";"";""
"8";"829";"945";"16";"1471900213051";"0";"";""
"4";"55";"171";"23";"1471900213049";"0";"";""
"2";"1";"10";"4";"1471900213048";"0";"";""
"3";"11";"54";"12";"1471900213048";"0";"";""
"10";"990";"999";"2";"1471900213051";"0";"";""
"9";"946";"989";"6";"1471900213051";"0";"";""
"7";"624";"828";"30";"1471900213050";"1";"";""
"6";"377";"623";"40";"1471900213050";"0";"";""
"11";"1";"1000";"168";"1471900213047";"21";"true";"Prim50"
"2";"10";"107";"24";"1471900213071";"0";"";""
"5";"1719";"3769";"258";"1471900213071";"0";"";""
"1";"1";"9";"4";"1471900213071";"0";"";""
"4";"547";"1718";"167";"1471900213071";"0";"";""
"3";"108";"546";"72";"1471900213071";"0";"";""
"11";"9991";"10000";"0";"1471900213071";"0";"";""
"10";"9893";"9990";"9";"1471900213071";"0";"";""
"8";"8282";"9453";"132";"1471900213071";"0";"";""
"9";"9454";"9892";"50";"1471900213071";"0";"";""
"7";"6231";"8281";"227";"1471900213071";"0";"";""
"6";"3770";"6230";"286";"1471900213071";"0";"";""
"11";"1";"10000";"1229";"1471900213071";"26";"true";"Prim50"
"2";"98";"1074";"155";"1471900213102";"0";"";""
"1";"1";"97";"25";"1471900213102";"0";"";""
"4";"5469";"17187";"1257";"1471900213102";"19";"";""
"3";"1075";"5468";"541";"1471900213102";"24";"";""
"10";"98926";"99902";"89";"1471900213124";"2";"";""
"8";"82813";"94531";"1022";"1471900213102";"22";"";""
"5";"17188";"37695";"2014";"1471900213102";"20";"";""
"6";"37696";"62304";"2268";"1471900213102";"30";"";""
"11";"99903";"100000";"7";"1471900213130";"0";"";""
"9";"94532";"98925";"380";"1471900213124";"5";"";""
"7";"62305";"82812";"1834";"1471900213126";"24";"";""
"11";"1";"100000";"9592";"1471900213101";"52";"true";"Prim50"
"1";"1";"976";"164";"1471900213158";"0";"";""
"11";"999024";"1000000";"63";"1471900213198";"3";"";""
"2";"977";"10742";"1146";"1471900213158";"4";"";""
"10";"989258";"999023";"716";"1471900213198";"29";"";""
"3";"10743";"54687";"4255";"1471900213158";"81";"";""
"9";"945313";"989257";"3144";"1471900213183";"241";"";""
"4";"54688";"171875";"10092";"1471900213247";"383";"";""
"8";"828126";"945312";"8540";"1471900213162";"623";"";""
"5";"171876";"376953";"16410";"1471900213206";"899";"";""
"7";"623047";"828125";"15197";"1471900213162";"1026";"";""
"6";"376954";"623046";"18771";"1471900213161";"1225";"";""
"11";"1";"1000000";"78498";"1471900213157";"1232";"true";"Prim50"
"2";"1";"5";"3";"1471900214463";"0";"";""
"6";"275";"500";"37";"1471900214463";"0";"";""
"5";"114";"274";"28";"1471900214463";"0";"";""
"1";"1";"0";"0";"1471900214463";"0";"";""
"3";"6";"32";"8";"1471900214463";"0";"";""
"4";"33";"113";"19";"1471900214463";"0";"";""
"10";"968";"994";"4";"1471900214463";"0";"";""
"11";"995";"999";"1";"1471900214463";"0";"";""
"9";"887";"967";"10";"1471900214463";"0";"";""
"7";"501";"725";"33";"1471900214463";"0";"";""
"8";"726";"886";"25";"1471900214463";"0";"";""
"12";"1";"1000";"168";"1471900214463";"24";"true";"Prim50"
"1";"1";"4";"2";"1471900214491";"0";"";""
"3";"59";"327";"50";"1471900214492";"0";"";""
"2";"5";"58";"14";"1471900214491";"0";"";""
"8";"7256";"8867";"178";"1471900214493";"0";"";""
"7";"5001";"7255";"259";"1471900214493";"0";"";""
"6";"2745";"5000";"269";"1471900214493";"0";"";""
"5";"1133";"2744";"211";"1471900214493";"0";"";""
"4";"328";"1132";"123";"1471900214493";"0";"";""
"12";"9996";"10000";"0";"1471900214493";"0";"";""
"11";"9942";"9995";"3";"1471900214493";"0";"";""
"10";"9673";"9941";"33";"1471900214493";"0";"";""
"9";"8868";"9672";"87";"1471900214493";"0";"";""
"12";"1";"10000";"1229";"1471900214491";"22";"true";"Prim50"
"1";"1";"48";"15";"1471900214513";"0";"";""
"6";"27442";"50000";"2134";"1471900214513";"31";"";""
"11";"99415";"99951";"46";"1471900214543";"1";"";""
"12";"99952";"100000";"4";"1471900214543";"0";"";""
"10";"96729";"99414";"233";"1471900214540";"3";"";""
"8";"72559";"88671";"1414";"1471900214513";"29";"";""
"9";"88672";"96728";"719";"1471900214513";"25";"";""
"4";"3272";"11328";"907";"1471900214513";"0";"";""
"3";"586";"3271";"356";"1471900214513";"0";"";""
"2";"49";"585";"91";"1471900214513";"0";"";""
"5";"11329";"27441";"1630";"1471900214543";"1";"";""
"7";"50001";"72558";"2043";"1471900214513";"31";"";""
"12";"1";"100000";"9592";"1471900214513";"51";"true";"Prim50"
"1";"1";"488";"93";"1471900214564";"0";"";""
"2";"489";"5859";"677";"1471900214564";"0";"";""
"12";"999512";"1000000";"32";"1471900214621";"2";"";""
"3";"5860";"32714";"2739";"1471900214564";"82";"";""
"11";"994141";"999511";"397";"1471900214605";"20";"";""
"4";"32715";"113281";"7225";"1471900214564";"224";"";""
"10";"967286";"994140";"1921";"1471900214605";"151";"";""
"9";"886719";"967285";"5831";"1471900214605";"456";"";""
"5";"113282";"274414";"13257";"1471900214564";"620";"";""
"8";"725586";"886718";"11859";"1471900214650";"824";"";""
"6";"274415";"500000";"17547";"1471900214564";"1083";"";""
"7";"500001";"725585";"16920";"1471900214564";"1116";"";""
"12";"1";"1000000";"78498";"1471900214564";"1118";"true";"Prim50"
